{
    "metrics": {
        "accuracy": 0.8666666666666667,
        "precision": 0.9230769230769231,
        "recall": 0.75,
        "f1_score": 0.7916666666666666,
        "confusion_matrix": [
            [
                11,
                0
            ],
            [
                2,
                2
            ]
        ],
        "auc_roc": -1
    },
    "predictions": {
        "true": [
            1,
            0,
            0,
            1,
            0,
            1,
            0,
            0,
            0,
            0,
            0,
            1,
            0,
            0,
            0
        ],
        "pred": [
            1,
            0,
            0,
            0,
            0,
            0,
            0,
            0,
            0,
            0,
            0,
            1,
            0,
            0,
            0
        ],
        "probs": [
            [
                0.08245223760604858,
                0.9175477623939514
            ],
            [
                0.9958469867706299,
                0.004152998793870211
            ],
            [
                0.9958469867706299,
                0.004152998793870211
            ],
            [
                0.991058349609375,
                0.00894162617623806
            ],
            [
                0.9958469867706299,
                0.004152998793870211
            ],
            [
                0.7021909356117249,
                0.29780906438827515
            ],
            [
                0.9958469867706299,
                0.004152998793870211
            ],
            [
                0.9958469867706299,
                0.004152998793870211
            ],
            [
                0.9958469867706299,
                0.004152998793870211
            ],
            [
                0.9958469867706299,
                0.004152998793870211
            ],
            [
                0.9958469867706299,
                0.004152998793870211
            ],
            [
                0.18257278203964233,
                0.8174272179603577
            ],
            [
                0.9958469867706299,
                0.004152998793870211
            ],
            [
                0.9958469867706299,
                0.004152998793870211
            ],
            [
                0.9958469867706299,
                0.004152998793870211
            ]
        ]
    }
}